{
    "mean_x": 1300.6482801565799,
    "std_x": 474.3917579445824,
    "mean_y": 1543.155897744662,
    "std_y": 201.9593720861881,
    "target_dim": 180
}