{
    "mean_x": 1298.6863448183078,
    "std_x": 475.64791749602915,
    "mean_y": 1567.408649239358,
    "std_y": 214.6821316702921,
    "target_dim": 180
}