{
    "feature_names": [
        "mainsheet_length",
        "traveller_length",
        "vang_length",
        "outhaul_length",
        "cunningham_length",
        "sog",
        "twa",
        "tws"
    ],
    "mean": {
        "mainsheet_length": 2.6344086021505375,
        "traveller_length": 1.989247311827957,
        "vang_length": 1.913978494623656,
        "outhaul_length": 1.5053763440860215,
        "cunningham_length": 1.6559139784946237,
        "sog": 3.547311827956989,
        "twa": 38.60215053763441,
        "tws": 8.365591397849462
    },
    "std": {
        "mainsheet_length": 1.11475872539307,
        "traveller_length": 0.809813779946784,
        "vang_length": 0.8119525646732414,
        "outhaul_length": 0.499971094088717,
        "cunningham_length": 0.47506929106181756,
        "sog": 1.141927383888815,
        "twa": 3.7506695744771115,
        "tws": 3.307810718137115
    }
}