{
    "feature_names": [
        "mainsheet_length",
        "traveller_length",
        "vang_length",
        "outhaul_length",
        "cunningham_length",
        "sog",
        "twa",
        "tws"
    ],
    "mean": {
        "mainsheet_length": 2.5833333333333335,
        "traveller_length": 1.9444444444444444,
        "vang_length": 1.8981481481481481,
        "outhaul_length": 1.4907407407407407,
        "cunningham_length": 1.5740740740740742,
        "sog": 3.307407407407408,
        "twa": 38.657407407407405,
        "tws": 8.018518518518519
    },
    "std": {
        "mainsheet_length": 1.0981887444872664,
        "traveller_length": 0.8258927081843616,
        "vang_length": 0.7927894355774663,
        "outhaul_length": 0.4999142587664108,
        "cunningham_length": 0.4944825897340255,
        "sog": 1.2483844154882817,
        "twa": 4.170358446795664,
        "tws": 3.2144969120851883
    }
}