{
    "means": [
        14.23447154471546,
        0.5230081300813008,
        0.513008130081301,
        15.497967479674791,
        0.4811382113821139,
        0.4369105691056911,
        14.51121951219512,
        0.5495934959349597,
        0.5127642276422764
    ],
    "stds": [
        9.166121006959866,
        0.27629645607792164,
        0.2980203925999805,
        8.956946158526762,
        0.30930344837074913,
        0.2804935547896562,
        9.137607502542094,
        0.2779963103632552,
        0.2724394489689126
    ]
}